,id,postal_code,territory,latitude,longitude,municipality,population
0,0,10434,ΠΛΑΤΕΙΑ ΒΙΚΤΩΡΙΑΣ ΑΘΗΝΑ,37.9949649,23.7342919,Athens,643449.0
1,1,10441,ΚΟΛΩΝΟΣ,37.9872999,23.7115145,Athens,643449.0
2,2,10443,ΣΕΠΟΛΙΑ,38.0114824,23.7150906,Athens,643449.0
3,3,10447,ΑΘΗΝΑ ΒΟΤΑΝΙΚΟΣ,37.9848474,23.7074422,Athens,643449.0
4,4,10558,ΠΛΑΚΑ ΘΗΣΕΙΟ,37.9691227,23.7351664,Athens,643449.0
5,5,10558,ΠΛΑΚΑ ΘΗΣΕΙΟ,37.969074,23.7351476,Athens,643449.0
6,6,10558,ΠΛΑΚΑ ΘΗΣΕΙΟ,37.9691014,23.7345985,Athens,643449.0
7,7,10558,ΠΛΑΚΑ ΘΗΣΕΙΟ,37.9690922,23.7347817,Athens,643449.0
8,8,10558,ΠΛΑΚΑ ΘΗΣΕΙΟ,37.969083,23.734966,Athens,643449.0
9,9,10558,ΠΛΑΚΑ ΘΗΣΕΙΟ,37.969493,23.7348032,Athens,643449.0
10,10,10558,ΠΛΑΚΑ ΘΗΣΕΙΟ,37.9695028,23.734611,Athens,643449.0
11,11,10676,ΕΥΑΓΓΕΛΙΣΜΟΣ,37.9786586,23.7480641,Athens,643449.0
12,12,11141,ΚΥΠΡΙΑΔΟΥ ΑΘΗΝΑ,38.0180998,23.7388239,Athens,643449.0
13,13,11475,ΓΚΥΖΗ,37.9865976,23.753385,Athens,643449.0
14,14,11475,ΓΚΥΖΗ,37.986343,23.7530863,Athens,643449.0
15,15,11476,ΓΚΥΖΗ,38.0060419,23.7576253,Athens,643449.0
16,16,11525,ΕΛΛΗΝΟΡΡΩΣΩΝ,37.999971,23.7746358,Athens,643449.0
17,17,11525,ΕΛΛΗΝΟΡΡΩΣΩΝ,37.9996402,23.7749979,Athens,643449.0
18,18,11525,ΕΛΛΗΝΟΡΡΩΣΩΝ,37.9911063,23.7809947,Athens,643449.0
19,19,11525,ΕΛΛΗΝΟΡΡΩΣΩΝ,37.9909781,23.7793132,Athens,643449.0
20,20,11528,ΜΙΧΑΛΑΚΟΠΟΥΛΟΥ,37.9839705,23.7557248,Athens,643449.0
21,21,11853,ΠΕΤΡΑΛΩΝΑ ΚΑΤΩ,37.9725644,23.7054999,Athens,643449.0
22,22,11855,ΒΟΤΑΝΙΚΟΣ,37.9847713,23.707628,Athens,643449.0
23,23,12043,,37.9991439,23.6784516,,
24,24,12135,ΠΕΡΙΣΤΕΡΙ,38.0188098,23.6868513,Peristeri,133632.0
25,25,12243,ΑΙΓΑΛΕΩ ΑΝΑΓΕΝΝΗΣΗ,38.0012617,23.6742352,Egaleo,65831.0
26,26,12351,ΑΓΙΑ ΒΑΡΒΑΡΑ,37.9910572,23.6635611,Agia Varvara,26758.0
27,27,12461,ΧΑΙΔΑΡΙ,38.0003803,23.6593827,Chaidari,47049.0
28,28,12461,ΧΑΙΔΑΡΙ,38.0005027,23.6595825,Chaidari,47049.0
29,29,12461,ΧΑΙΔΑΡΙ,38.0005227,23.6597728,Chaidari,47049.0
30,30,12462,ΧΑΙΔΑΡΙ ΔΑΣΟΣ,38.0112222,23.6434369,Chaidari,47049.0
31,31,12462,ΧΑΙΔΑΡΙ ΔΑΣΟΣ,38.0113801,23.6429705,Chaidari,47049.0
32,32,13121,ΝΕΑ ΛΙΟΣΙΑ ΠΑΛΑΤΙΑΝΗ,38.0311426,23.6957622,Ilion,84004.0
33,33,13121,ΝΕΑ ΛΙΟΣΙΑ ΠΑΛΑΤΙΑΝΗ,38.0310853,23.6955436,Ilion,84004.0
34,34,13232,ΠΕΤΡΟΥΠΟΛΗ,38.0472223,23.6876165,Petroupoli,60146.0
35,35,13232,ΠΕΤΡΟΥΠΟΛΗ,38.0468922,23.6876615,Petroupoli,60146.0
36,36,13232,ΠΕΤΡΟΥΠΟΛΗ,38.0462246,23.6874076,Petroupoli,60146.0
37,37,13232,ΠΕΤΡΟΥΠΟΛΗ,38.0471717,23.6625945,Petroupoli,60146.0
38,38,13232,ΠΕΤΡΟΥΠΟΛΗ,38.0471643,23.6627923,Petroupoli,60146.0
39,39,13232,ΠΕΤΡΟΥΠΟΛΗ,38.0467623,23.6876331,Petroupoli,60146.0
40,40,13232,ΠΕΤΡΟΥΠΟΛΗ,38.0466139,23.687603,Petroupoli,60146.0
41,41,13232,ΠΕΤΡΟΥΠΟΛΗ,38.0464851,23.6875783,Petroupoli,60146.0
42,42,13561,ΑΓΙΑ ΑΝΑΡΓΥΡΟΙ,38.0258336,23.7183062,Agii Anargyri - Kamatero,61461.0
43,43,13561,ΑΓΙΑ ΑΝΑΡΓΥΡΟΙ,38.0298218,23.7203344,Agii Anargyri - Kamatero,61461.0
44,44,13562,ΑΓΙΑ ΑΝΑΡΓΥΡΟΙ,38.0411751,23.7276597,Agii Anargyri - Kamatero,61461.0
45,45,13562,ΑΓΙΑ ΑΝΑΡΓΥΡΟΙ,38.0440156,23.7295249,Agii Anargyri - Kamatero,61461.0
46,46,14231,ΝΕΑ ΙΩΝΙΑ ΙΩΝΙΑ,38.0467325,23.7476584,Nea Ionia,64613.0
47,47,14231,ΝΕΑ ΙΩΝΙΑ ΙΩΝΙΑ,38.0363661,23.7502203,Nea Ionia,64613.0
48,48,14233,ΝΕΟΚΤΙΣΤΑ ΝΕΑΠΟΛΕΩΣ,38.0276608,23.7648339,Ilion,84004.0
49,49,14233,ΝΕΟΚΤΙΣΤΑ ΝΕΑΠΟΛΕΩΣ,38.0299,23.7637579,Ilion,84004.0
50,50,14233,ΝΕΟΚΤΙΣΤΑ ΝΕΑΠΟΛΕΩΣ,38.0277732,23.7646833,Ilion,84004.0
51,51,14233,ΝΕΟΚΤΙΣΤΑ ΝΕΑΠΟΛΕΩΣ,38.0277599,23.7640945,Ilion,84004.0
52,52,14233,ΝΕΟΚΤΙΣΤΑ ΝΕΑΠΟΛΕΩΣ,38.0276482,23.7642443,Ilion,84004.0
53,53,14233,ΝΕΟΚΤΙΣΤΑ ΝΕΑΠΟΛΕΩΣ,38.0275346,23.7643965,Ilion,84004.0
54,54,14233,ΝΕΟΚΤΙΣΤΑ ΝΕΑΠΟΛΕΩΣ,38.0274223,23.7645471,Ilion,84004.0
55,55,14233,ΝΕΟΚΤΙΣΤΑ ΝΕΑΠΟΛΕΩΣ,38.0279319,23.7644113,Ilion,84004.0
56,56,14262,,38.018621,23.6553226,,
57,57,14262,,38.0185007,23.6538147,,
58,58,14262,,38.0192078,23.6556991,,
59,59,14342,ΝΕΑ ΦΙΛΑΔΕΛΦΕΙΑ,38.047335,23.7434311,Filadelfeia-Chalkidona,34961.0
60,60,14342,ΝΕΑ ΦΙΛΑΔΕΛΦΕΙΑ,38.0482912,23.7442939,Filadelfeia-Chalkidona,34961.0
61,61,14342,ΝΕΑ ΦΙΛΑΔΕΛΦΕΙΑ,38.0479758,23.7440746,Filadelfeia-Chalkidona,34961.0
62,62,14342,ΝΕΑ ΦΙΛΑΔΕΛΦΕΙΑ,38.0477458,23.7438295,Filadelfeia-Chalkidona,34961.0
63,63,15001,,38.0027551,23.830241,,
64,64,15001,,38.0054929,23.834432,,
65,65,15001,,38.0055078,23.8345989,,
66,66,15001,,38.0055376,23.8349307,,
67,67,15001,,38.0028502,23.8301516,,
68,68,15001,,38.0055227,23.8347653,,
69,69,15001,,38.0100094,23.8364594,,
70,70,15001,,38.0087275,23.8344098,,
71,71,15001,,38.0089765,23.8345116,,
72,72,15001,,38.0090715,23.8345504,,
73,73,15001,,38.0088622,23.8344649,,
74,74,15123,ΜΑΡΟΥΣΙ ΝΕΑ ΦΙΛΟΘΕΗ,38.0401378,23.7921846,Marousi,71830.0
75,75,15123,ΜΑΡΟΥΣΙ ΝΕΑ ΦΙΛΟΘΕΗ,38.0401296,23.7921849,Marousi,71830.0
76,76,15123,ΜΑΡΟΥΣΙ ΝΕΑ ΦΙΛΟΘΕΗ,38.0401475,23.7899686,Marousi,71830.0
77,77,15123,ΜΑΡΟΥΣΙ ΝΕΑ ΦΙΛΟΘΕΗ,38.0393181,23.7910841,Marousi,71830.0
78,78,15123,ΜΑΡΟΥΣΙ ΝΕΑ ΦΙΛΟΘΕΗ,38.0406759,23.7899798,Marousi,71830.0
79,79,15123,ΜΑΡΟΥΣΙ ΝΕΑ ΦΙΛΟΘΕΗ,38.0410822,23.78986,Marousi,71830.0
80,80,15123,ΜΑΡΟΥΣΙ ΝΕΑ ΦΙΛΟΘΕΗ,38.0408006,23.7906751,Marousi,71830.0
81,81,15123,ΜΑΡΟΥΣΙ ΝΕΑ ΦΙΛΟΘΕΗ,38.0407482,23.7903555,Marousi,71830.0
82,82,15123,ΜΑΡΟΥΣΙ ΝΕΑ ΦΙΛΟΘΕΗ,38.040998,23.7893883,Marousi,71830.0
83,83,15123,ΜΑΡΟΥΣΙ ΝΕΑ ΦΙΛΟΘΕΗ,38.040283,23.7904794,Marousi,71830.0
84,84,15123,ΜΑΡΟΥΣΙ ΝΕΑ ΦΙΛΟΘΕΗ,38.0409656,23.7891964,Marousi,71830.0
85,85,15123,ΜΑΡΟΥΣΙ ΝΕΑ ΦΙΛΟΘΕΗ,38.0414105,23.7895638,Marousi,71830.0
86,86,15123,ΜΑΡΟΥΣΙ ΝΕΑ ΦΙΛΟΘΕΗ,38.0406219,23.7896631,Marousi,71830.0
87,87,15123,ΜΑΡΟΥΣΙ ΝΕΑ ΦΙΛΟΘΕΗ,38.0403426,23.7907955,Marousi,71830.0
88,88,15123,ΜΑΡΟΥΣΙ ΝΕΑ ΦΙΛΟΘΕΗ,38.0403939,23.7911197,Marousi,71830.0
89,89,15123,ΜΑΡΟΥΣΙ ΝΕΑ ΦΙΛΟΘΕΗ,38.0414428,23.7897558,Marousi,71830.0
90,90,15123,ΜΑΡΟΥΣΙ ΝΕΑ ΦΙΛΟΘΕΗ,38.0410498,23.789668,Marousi,71830.0
91,91,15125,ΜΑΡΟΥΣΙ ΠΑΡΑΔΕΙΣΟΣ,38.038277,23.8107909,Marousi,71830.0
92,92,15125,ΜΑΡΟΥΣΙ ΠΑΡΑΔΕΙΣΟΣ,38.0345397,23.8020857,Marousi,71830.0
93,93,15126,ΜΑΡΟΥΣΙ ΝΕΑ ΛΕΣΒΟΣ,38.0416269,23.8221187,Marousi,71830.0
94,94,15126,ΜΑΡΟΥΣΙ ΝΕΑ ΛΕΣΒΟΣ,38.0455803,23.825623,Marousi,71830.0
95,95,15126,ΜΑΡΟΥΣΙ ΝΕΑ ΛΕΣΒΟΣ,38.0457128,23.8252563,Marousi,71830.0
96,96,15126,ΜΑΡΟΥΣΙ ΝΕΑ ΛΕΣΒΟΣ,38.0457965,23.8250578,Marousi,71830.0
97,97,15126,ΜΑΡΟΥΣΙ ΝΕΑ ΛΕΣΒΟΣ,38.041595,23.8225379,Marousi,71830.0
98,98,15126,ΜΑΡΟΥΣΙ ΝΕΑ ΛΕΣΒΟΣ,38.0456406,23.8254252,Marousi,71830.0
99,99,15126,ΜΑΡΟΥΣΙ ΝΕΑ ΛΕΣΒΟΣ,38.0458704,23.8248884,Marousi,71830.0
100,100,15126,ΜΑΡΟΥΣΙ ΝΕΑ ΛΕΣΒΟΣ,38.0388976,23.8202175,Marousi,71830.0
101,101,15127,ΜΕΛΙΣΣΙΑ,38.0429351,23.8415333,Penteli,35613.0
102,102,15127,ΜΕΛΙΣΣΙΑ,38.0431578,23.8418292,Penteli,35613.0
103,103,15127,ΜΕΛΙΣΣΙΑ,38.0435803,23.8423658,Penteli,35613.0
104,104,15127,ΜΕΛΙΣΣΙΑ,38.0430379,23.84167,Penteli,35613.0
105,105,15127,ΜΕΛΙΣΣΙΑ,38.0434423,23.8421812,Penteli,35613.0
106,106,15231,ΧΑΛΑΝΔΡΙ ΑΓΙΑ ΒΑΡΒΑΡΑ,38.0088703,23.7870342,Chalandri,77100.0
107,107,15234,ΧΑΛΑΝΔΡΙ,38.0279877,23.8133568,Chalandri,77100.0
108,108,15234,ΧΑΛΑΝΔΡΙ,38.0177737,23.8149952,Chalandri,77100.0
109,109,15234,ΧΑΛΑΝΔΡΙ,38.017723,23.8151961,Chalandri,77100.0
110,110,15234,ΧΑΛΑΝΔΡΙ,38.0176729,23.8153882,Chalandri,77100.0
111,111,15234,ΧΑΛΑΝΔΡΙ,38.0238535,23.8219698,Chalandri,77100.0
112,112,15234,ΧΑΛΑΝΔΡΙ,38.0151361,23.8092111,Chalandri,77100.0
113,113,15234,ΧΑΛΑΝΔΡΙ,38.0160168,23.8092174,Chalandri,77100.0
114,114,15234,ΧΑΛΑΝΔΡΙ,38.0161299,23.8089371,Chalandri,77100.0
115,115,15234,ΧΑΛΑΝΔΡΙ,38.0176984,23.8152922,Chalandri,77100.0
116,116,15236,ΠΕΝΤΕΛΗ ΝΕΑ ΠΕΝΤΕΛΗΟΡ,38.0406208,23.8587769,Penteli,35613.0
117,117,15237,ΦΙΛΟΘΕΗ,38.0161519,23.7810675,Filothei-Psychiko,27635.0
118,118,15237,ΦΙΛΟΘΕΗ,38.0159304,23.7813669,Filothei-Psychiko,27635.0
119,119,15237,ΦΙΛΟΘΕΗ,38.0172111,23.7802937,Filothei-Psychiko,27635.0
120,120,15237,ΦΙΛΟΘΕΗ,38.0180824,23.7799879,Filothei-Psychiko,27635.0
121,121,15237,ΦΙΛΟΘΕΗ,38.0160123,23.7812162,Filothei-Psychiko,27635.0
122,122,15237,ΦΙΛΟΘΕΗ,38.0181698,23.780068,Filothei-Psychiko,27635.0
123,123,15237,ΦΙΛΟΘΕΗ,38.0136152,23.7776905,Filothei-Psychiko,27635.0
124,124,15237,ΦΙΛΟΘΕΗ,38.0135947,23.7779264,Filothei-Psychiko,27635.0
125,125,15237,ΦΙΛΟΘΕΗ,38.016598,23.771467,Filothei-Psychiko,27635.0
126,126,15237,ΦΙΛΟΘΕΗ,38.0195952,23.7702033,Filothei-Psychiko,27635.0
127,127,15237,ΦΙΛΟΘΕΗ,38.0273424,23.7819105,Filothei-Psychiko,27635.0
128,128,15237,ΦΙΛΟΘΕΗ,38.0274464,23.7820146,Filothei-Psychiko,27635.0
129,129,15237,ΦΙΛΟΘΕΗ,38.0276382,23.7816745,Filothei-Psychiko,27635.0
130,130,15237,ΦΙΛΟΘΕΗ,38.0275396,23.7815788,Filothei-Psychiko,27635.0
131,131,15237,ΦΙΛΟΘΕΗ,38.0275998,23.7825073,Filothei-Psychiko,27635.0
132,132,15237,ΦΙΛΟΘΕΗ,38.0165599,23.7777442,Filothei-Psychiko,27635.0
133,133,15238,ΧΑΛΑΝΔΡΙ,38.0418033,23.8358245,Chalandri,77100.0
134,134,15238,ΧΑΛΑΝΔΡΙ,38.0367786,23.8485589,Chalandri,77100.0
135,135,15238,ΧΑΛΑΝΔΡΙ,38.0299202,23.845417,Chalandri,77100.0
136,136,15238,ΧΑΛΑΝΔΡΙ,38.0298255,23.8455913,Chalandri,77100.0
137,137,15238,ΧΑΛΑΝΔΡΙ,38.0297322,23.8457623,Chalandri,77100.0
138,138,15238,ΧΑΛΑΝΔΡΙ,38.0296402,23.8459384,Chalandri,77100.0
139,139,15341,ΑΓΙΑ ΠΑΡΑΣΚΕΥΗ ΝΕΑ ΖΩΗ,38.0144866,23.8128995,Agia Paraskevi,62147.0
140,140,15341,ΑΓΙΑ ΠΑΡΑΣΚΕΥΗ ΝΕΑ ΖΩΗ,38.0146131,23.8125252,Agia Paraskevi,62147.0
141,141,15341,ΑΓΙΑ ΠΑΡΑΣΚΕΥΗ ΝΕΑ ΖΩΗ,38.0143315,23.8125561,Agia Paraskevi,62147.0
142,142,15341,ΑΓΙΑ ΠΑΡΑΣΚΕΥΗ ΝΕΑ ΖΩΗ,38.0142853,23.8133375,Agia Paraskevi,62147.0
143,143,15341,ΑΓΙΑ ΠΑΡΑΣΚΕΥΗ ΝΕΑ ΖΩΗ,38.0142241,23.8128743,Agia Paraskevi,62147.0
144,144,15341,ΑΓΙΑ ΠΑΡΑΣΚΕΥΗ ΝΕΑ ΖΩΗ,37.9955768,23.8144236,Agia Paraskevi,62147.0
145,145,15341,ΑΓΙΑ ΠΑΡΑΣΚΕΥΗ ΝΕΑ ΖΩΗ,38.0126661,23.8093598,Agia Paraskevi,62147.0
146,146,15341,ΑΓΙΑ ΠΑΡΑΣΚΕΥΗ ΝΕΑ ΖΩΗ,38.0144166,23.812307,Agia Paraskevi,62147.0
147,147,15341,ΑΓΙΑ ΠΑΡΑΣΚΕΥΗ ΝΕΑ ΖΩΗ,38.0144734,23.8121403,Agia Paraskevi,62147.0
148,148,15341,ΑΓΙΑ ΠΑΡΑΣΚΕΥΗ ΝΕΑ ΖΩΗ,38.0141582,23.812841,Agia Paraskevi,62147.0
149,149,15342,ΑΓΙΑ ΠΑΡΑΣΚΕΥΗ ΑΓΙΑΝΝΗ,38.0020343,23.8247017,Agia Paraskevi,62147.0
150,150,15342,ΑΓΙΑ ΠΑΡΑΣΚΕΥΗ ΑΓΙΑΝΝΗ,38.0014539,23.8255647,Agia Paraskevi,62147.0
151,151,15342,ΑΓΙΑ ΠΑΡΑΣΚΕΥΗ ΑΓΙΑΝΝΗ,38.0015937,23.8254559,Agia Paraskevi,62147.0
152,152,15343,ΑΓΙΑ ΠΑΡΑΣΚΕΥΗ ΠΕΥΚΑΚΙ,38.0189386,23.8308807,Agia Paraskevi,62147.0
153,153,15344,ΑΝΘΟΥΣΑ,38.018629,23.859096,,
154,154,15344,ΑΝΘΟΥΣΑ,38.0182641,23.8590921,,
155,155,15344,ΑΝΘΟΥΣΑ,38.0186314,23.8587984,,
156,156,15344,ΑΝΘΟΥΣΑ,38.0182724,23.8587945,,
157,157,15344,ΑΝΘΟΥΣΑ,38.0239952,23.8548727,,
158,158,15344,ΑΝΘΟΥΣΑ,38.0240205,23.854621,,
159,159,15349,ΑΝΘΟΥΣΑ,38.0183405,23.8702526,,
160,160,15349,ΑΝΘΟΥΣΑ,38.0183243,23.8704268,,
161,161,15349,ΑΝΘΟΥΣΑ,38.0183074,23.870607,,
162,162,15349,ΑΝΘΟΥΣΑ,38.0080435,23.8702651,,
163,163,15349,ΑΝΘΟΥΣΑ,38.0077514,23.870039,,
164,164,15349,ΑΝΘΟΥΣΑ,38.007738,23.8702233,,
165,165,15349,ΑΝΘΟΥΣΑ,38.0077229,23.8704203,,
166,166,15349,ΑΝΘΟΥΣΑ,38.0073739,23.8701772,,
167,167,15349,ΑΝΘΟΥΣΑ,38.0074013,23.8699192,,
168,168,15349,ΑΝΘΟΥΣΑ,38.0073951,23.8696356,,
169,169,15349,ΑΝΘΟΥΣΑ,38.0073979,23.8697753,,
170,170,15349,ΑΝΘΟΥΣΑ,38.0073616,23.8703636,,
171,171,15351,ΠΑΛΛΗΝΗ,37.9993678,23.8653208,,
172,172,15351,ΠΑΛΛΗΝΗ,37.9806564,23.8558248,,
173,173,15351,ΠΑΛΛΗΝΗ,38.006203,23.8743084,,
174,174,15351,ΠΑΛΛΗΝΗ,38.006286,23.8738221,,
175,175,15351,ΠΑΛΛΗΝΗ,38.0150365,23.8991425,,
176,176,15351,ΠΑΛΛΗΝΗ,38.0149418,23.8920886,,
177,177,15351,ΠΑΛΛΗΝΗ,38.0159467,23.875538,,
178,178,15351,ΠΑΛΛΗΝΗ,38.0160486,23.8744123,,
179,179,15351,ΠΑΛΛΗΝΗ,38.0160197,23.8747311,,
180,180,15351,ΠΑΛΛΗΝΗ,38.0160355,23.874557,,
181,181,15351,ΠΑΛΛΗΝΗ,38.0159653,23.8753328,,
182,182,15351,ΠΑΛΛΗΝΗ,38.0160769,23.8740998,,
183,183,15351,ΠΑΛΛΗΝΗ,38.0160015,23.8749326,,
184,184,15351,ΠΑΛΛΗΝΗ,38.0160625,23.8742596,,
185,185,15351,ΠΑΛΛΗΝΗ,38.0159837,23.8751294,,
186,186,15351,ΠΑΛΛΗΝΗ,38.0062614,23.8740181,,
187,187,15351,ΠΑΛΛΗΝΗ,37.9992387,23.8947845,,
188,188,15351,ΠΑΛΛΗΝΗ,37.999232,23.89726,,
189,189,15351,ΠΑΛΛΗΝΗ,37.9992136,23.8974718,,
190,190,15351,ΠΑΛΛΗΝΗ,37.9991785,23.8977136,,
191,191,15351,ΠΑΛΛΗΝΗ,37.9991591,23.897919,,
192,192,15351,ΠΑΛΛΗΝΗ,37.9991261,23.8981659,,
193,193,15351,ΠΑΛΛΗΝΗ,37.9991056,23.8983752,,
194,194,15351,ΠΑΛΛΗΝΗ,37.9845065,23.862725,,
195,195,15351,ΠΑΛΛΗΝΗ,37.980623,23.8677566,,
196,196,15351,ΠΑΛΛΗΝΗ,37.9806155,23.8679318,,
197,197,15351,ΠΑΛΛΗΝΗ,38.0099859,23.8883503,,
198,198,15354,ΓΛΥΚΑ ΝΕΡΑ,38.0058724,23.8496628,,
199,199,15354,ΓΛΥΚΑ ΝΕΡΑ,37.9829069,23.8464582,,
200,200,15451,ΝΕΑ ΨΥΧΙΚΟ,38.0064237,23.7794508,Filothei-Psychiko,27635.0
201,201,15451,ΝΕΑ ΨΥΧΙΚΟ,37.9995778,23.7795843,Filothei-Psychiko,27635.0
202,202,15451,ΝΕΑ ΨΥΧΙΚΟ,38.0132729,23.7779892,Filothei-Psychiko,27635.0
203,203,15451,ΝΕΑ ΨΥΧΙΚΟ,38.0130735,23.7776723,Filothei-Psychiko,27635.0
204,204,15451,ΝΕΑ ΨΥΧΙΚΟ,38.013283,23.7777563,Filothei-Psychiko,27635.0
205,205,15451,ΝΕΑ ΨΥΧΙΚΟ,38.0027513,23.7775044,Filothei-Psychiko,27635.0
206,206,15451,ΝΕΑ ΨΥΧΙΚΟ,37.999285,23.7793648,Filothei-Psychiko,27635.0
207,207,15451,ΝΕΑ ΨΥΧΙΚΟ,38.0066738,23.7795557,Filothei-Psychiko,27635.0
208,208,15452,ΨΥΧΙΚΟ ΑΓΙΑ ΔΗΜΗΤΡΙΟΣ,38.0132819,23.7770648,Filothei-Psychiko,27635.0
209,209,15452,ΨΥΧΙΚΟ ΑΓΙΑ ΔΗΜΗΤΡΙΟΣ,38.0132172,23.7772557,Filothei-Psychiko,27635.0
210,210,15452,ΨΥΧΙΚΟ ΑΓΙΑ ΔΗΜΗΤΡΙΟΣ,38.0088555,23.7721825,Filothei-Psychiko,27635.0
211,211,15562,ΧΟΛΑΡΓΟΣ ΠΛΑΤΕΙΑ ΕΘ ΝΕΑ ΑΝΤΙ,37.9928362,23.8079759,Papagou-Cholargos,45264.0
212,212,15562,ΧΟΛΑΡΓΟΣ ΠΛΑΤΕΙΑ ΕΘ ΝΕΑ ΑΝΤΙ,37.9933355,23.8086915,Papagou-Cholargos,45264.0
213,213,15562,ΧΟΛΑΡΓΟΣ ΠΛΑΤΕΙΑ ΕΘ ΝΕΑ ΑΝΤΙ,37.9931808,23.8091466,Papagou-Cholargos,45264.0
214,214,15562,ΧΟΛΑΡΓΟΣ ΠΛΑΤΕΙΑ ΕΘ ΝΕΑ ΑΝΤΙ,37.998817,23.8066786,Papagou-Cholargos,45264.0
215,215,15669,ΠΑΠΑΓΟΥ,37.9839076,23.8024947,Papagou-Cholargos,45264.0
216,216,15669,ΠΑΠΑΓΟΥ,37.9831901,23.803207,Papagou-Cholargos,45264.0
217,217,15669,ΠΑΠΑΓΟΥ,37.9834898,23.8024765,Papagou-Cholargos,45264.0
218,218,15669,ΠΑΠΑΓΟΥ,37.9831834,23.8029742,Papagou-Cholargos,45264.0
219,219,15669,ΠΑΠΑΓΟΥ,37.9834999,23.8026952,Papagou-Cholargos,45264.0
220,220,15669,ΠΑΠΑΓΟΥ,37.9831968,23.8034403,Papagou-Cholargos,45264.0
221,221,15669,ΠΑΠΑΓΟΥ,37.9834807,23.8022793,Papagou-Cholargos,45264.0
222,222,15669,ΠΑΠΑΓΟΥ,37.9898357,23.7869877,Papagou-Cholargos,45264.0
223,223,15771,ΖΩΓΡΑΦΟΥ ΑΝΩ ΙΛΙΣΙΑ,37.9724184,23.7615038,Zografos,69872.0
224,224,15771,ΖΩΓΡΑΦΟΥ ΑΝΩ ΙΛΙΣΙΑ,37.9724488,23.761741,Zografos,69872.0
225,225,15772,ΖΩΓΡΑΦΟΥ ΑΝΩ ΙΛΙΣΙΑ,37.9702404,23.778522,Zografos,69872.0
226,226,15772,ΖΩΓΡΑΦΟΥ ΑΝΩ ΙΛΙΣΙΑ,37.9703198,23.7779842,Zografos,69872.0
227,227,15772,ΖΩΓΡΑΦΟΥ ΑΝΩ ΙΛΙΣΙΑ,37.9704112,23.7785992,Zografos,69872.0
228,228,15772,ΖΩΓΡΑΦΟΥ ΑΝΩ ΙΛΙΣΙΑ,37.9703725,23.7780885,Zografos,69872.0
229,229,15772,ΖΩΓΡΑΦΟΥ ΑΝΩ ΙΛΙΣΙΑ,37.9673778,23.7628469,Zografos,69872.0
230,230,15773,ΖΩΓΡΑΦΟΥ ΓΟΥΔΙ,37.9736732,23.784572,Zografos,69872.0
231,231,15773,ΖΩΓΡΑΦΟΥ ΓΟΥΔΙ,37.9734581,23.784572,Zografos,69872.0
232,232,15773,ΖΩΓΡΑΦΟΥ ΓΟΥΔΙ,37.9845227,23.7717338,Zografos,69872.0
233,233,15773,ΖΩΓΡΑΦΟΥ ΓΟΥΔΙ,37.9842251,23.772721,Zografos,69872.0
234,234,15773,ΖΩΓΡΑΦΟΥ ΓΟΥΔΙ,37.9844124,23.7718301,Zografos,69872.0
235,235,15773,ΖΩΓΡΑΦΟΥ ΓΟΥΔΙ,37.9842976,23.7720638,Zografos,69872.0
236,236,15773,ΖΩΓΡΑΦΟΥ ΓΟΥΔΙ,37.984388,23.7714475,Zografos,69872.0
237,237,15780,ΠΑΝΕΠΙΣΤΗΜΙΟΥΠΟΛΗ,37.9840936,23.7811881,Zografos,69872.0
238,238,15780,ΠΑΝΕΠΙΣΤΗΜΙΟΥΠΟΛΗ,37.9711771,23.7642255,Zografos,69872.0
239,239,15780,ΠΑΝΕΠΙΣΤΗΜΙΟΥΠΟΛΗ,37.97102,23.7639703,Zografos,69872.0
240,240,15780,ΠΑΝΕΠΙΣΤΗΜΙΟΥΠΟΛΗ,37.9723837,23.7612427,Zografos,69872.0
241,241,16122,ΚΑΙΣΑΡΙΑΝΗ ΑΝΩ ΚΑΙΣΑΡΙΑΝΗ,37.9677304,23.7657285,Kessariani,26268.0
242,242,16122,ΚΑΙΣΑΡΙΑΝΗ ΑΝΩ ΚΑΙΣΑΡΙΑΝΗ,37.9675175,23.7663022,Kessariani,26268.0
243,243,16232,ΒΥΡΩΝΑΣ,37.9501551,23.7559864,Vyronas,59135.0
244,244,16232,ΒΥΡΩΝΑΣ,37.9561341,23.7468181,Vyronas,59135.0
245,245,16233,ΒΥΡΩΝ ΖΩΟΔΟΧΟΣ ΠΗΓΗ,37.9558502,23.7783759,Vyronas,59135.0
246,246,16341,ΗΛΙΟΥΠΟΛΗ ΚΑΤΩ ΗΛΙΟΥΠΟΛΗ,37.922956,23.746483,Ilioupoli,76732.0
247,247,16341,ΗΛΙΟΥΠΟΛΗ ΚΑΤΩ ΗΛΙΟΥΠΟΛΗ,37.9228009,23.7464688,Ilioupoli,76732.0
248,248,16342,ΗΛΙΟΥΠΟΛΗ ΑΣΤΥΝΟΜΙΚΑ,37.9239615,23.7608051,Ilioupoli,76732.0
249,249,16342,ΗΛΙΟΥΠΟΛΗ ΑΣΤΥΝΟΜΙΚΑ,37.9241974,23.7611665,Ilioupoli,76732.0
250,250,16342,ΗΛΙΟΥΠΟΛΗ ΑΣΤΥΝΟΜΙΚΑ,37.9240084,23.7603042,Ilioupoli,76732.0
251,251,16342,ΗΛΙΟΥΠΟΛΗ ΑΣΤΥΝΟΜΙΚΑ,37.9241509,23.7603624,Ilioupoli,76732.0
252,252,16342,ΗΛΙΟΥΠΟΛΗ ΑΣΤΥΝΟΜΙΚΑ,37.9242629,23.7609238,Ilioupoli,76732.0
253,253,16342,ΗΛΙΟΥΠΟΛΗ ΑΣΤΥΝΟΜΙΚΑ,37.9238753,23.76025,Ilioupoli,76732.0
254,254,16342,ΗΛΙΟΥΠΟΛΗ ΑΣΤΥΝΟΜΙΚΑ,37.9237365,23.7601934,Ilioupoli,76732.0
255,255,16342,ΗΛΙΟΥΠΟΛΗ ΑΣΤΥΝΟΜΙΚΑ,37.9238555,23.7610425,Ilioupoli,76732.0
256,256,16342,ΗΛΙΟΥΠΟΛΗ ΑΣΤΥΝΟΜΙΚΑ,37.9243452,23.7605198,Ilioupoli,76732.0
257,257,16342,ΗΛΙΟΥΠΟΛΗ ΑΣΤΥΝΟΜΙΚΑ,37.92436,23.7602042,Ilioupoli,76732.0
258,258,16344,ΗΛΙΟΥΠΟΛΗ ΑΝΩ ΗΛΙΟΥΠΟΛΗ,37.9474463,23.7645346,Ilioupoli,76732.0
259,259,16346,ΗΛΙΟΥΠΟΛΗ ΚΑΤΩ ΗΛΙΟΥΠΟΛΗ,37.9339857,23.7501562,Ilioupoli,76732.0
260,260,16451,ΑΡΓΥΡΟΥΠΟΛΗ,37.9038104,23.7573105,Elliniko-Argyroupoli,50027.0
261,261,16452,ΑΡΓΥΡΟΥΠΟΛΗ,37.9117602,23.7360091,Elliniko-Argyroupoli,50027.0
262,262,16452,ΑΡΓΥΡΟΥΠΟΛΗ,37.9054884,23.7298871,Elliniko-Argyroupoli,50027.0
263,263,16671,ΒΟΥΛΙΑΓΜΕΝΗ  ΜΙΚΡΟ ΚΑΒΟΥΡΙ,37.8180069,23.7745564,,
264,264,16671,ΒΟΥΛΙΑΓΜΕΝΗ  ΜΙΚΡΟ ΚΑΒΟΥΡΙ,37.8320131,23.7843684,,
265,265,16671,ΒΟΥΛΙΑΓΜΕΝΗ  ΜΙΚΡΟ ΚΑΒΟΥΡΙ,37.8284912,23.7721018,,
266,266,16671,ΒΟΥΛΙΑΓΜΕΝΗ  ΜΙΚΡΟ ΚΑΒΟΥΡΙ,37.814047,23.7736677,,
267,267,16671,ΒΟΥΛΙΑΓΜΕΝΗ  ΜΙΚΡΟ ΚΑΒΟΥΡΙ,37.8187347,23.7797032,,
268,268,16671,ΒΟΥΛΙΑΓΜΕΝΗ  ΜΙΚΡΟ ΚΑΒΟΥΡΙ,37.8186748,23.77951,,
269,269,16671,ΒΟΥΛΙΑΓΜΕΝΗ  ΜΙΚΡΟ ΚΑΒΟΥΡΙ,37.8191006,23.7797976,,
270,270,16671,ΒΟΥΛΙΑΓΜΕΝΗ  ΜΙΚΡΟ ΚΑΒΟΥΡΙ,37.8188703,23.7801167,,
271,271,16671,ΒΟΥΛΙΑΓΜΕΝΗ  ΜΙΚΡΟ ΚΑΒΟΥΡΙ,37.8191614,23.7799878,,
272,272,16671,ΒΟΥΛΙΑΓΜΕΝΗ  ΜΙΚΡΟ ΚΑΒΟΥΡΙ,37.8097394,23.7831441,,
273,273,16671,ΒΟΥΛΙΑΓΜΕΝΗ  ΜΙΚΡΟ ΚΑΒΟΥΡΙ,37.8137744,23.7805191,,
274,274,16671,ΒΟΥΛΙΑΓΜΕΝΗ  ΜΙΚΡΟ ΚΑΒΟΥΡΙ,37.8139654,23.7798956,,
275,275,16671,ΒΟΥΛΙΑΓΜΕΝΗ  ΜΙΚΡΟ ΚΑΒΟΥΡΙ,37.8179515,23.7708844,,
276,276,16671,ΒΟΥΛΙΑΓΜΕΝΗ  ΜΙΚΡΟ ΚΑΒΟΥΡΙ,37.8175056,23.7706169,,
277,277,16671,ΒΟΥΛΙΑΓΜΕΝΗ  ΜΙΚΡΟ ΚΑΒΟΥΡΙ,37.8178529,23.770504,,
278,278,16671,ΒΟΥΛΙΑΓΜΕΝΗ  ΜΙΚΡΟ ΚΑΒΟΥΡΙ,37.8133929,23.7779331,,
279,279,16671,ΒΟΥΛΙΑΓΜΕΝΗ  ΜΙΚΡΟ ΚΑΒΟΥΡΙ,37.8135039,23.7779355,,
280,280,16671,ΒΟΥΛΙΑΓΜΕΝΗ  ΜΙΚΡΟ ΚΑΒΟΥΡΙ,37.813653,23.7784026,,
281,281,16671,ΒΟΥΛΙΑΓΜΕΝΗ  ΜΙΚΡΟ ΚΑΒΟΥΡΙ,37.8136557,23.7782164,,
282,282,16671,ΒΟΥΛΙΑΓΜΕΝΗ  ΜΙΚΡΟ ΚΑΒΟΥΡΙ,37.8138871,23.7786408,,
283,283,16671,ΒΟΥΛΙΑΓΜΕΝΗ  ΜΙΚΡΟ ΚΑΒΟΥΡΙ,37.8139683,23.7797098,,
284,284,16671,ΒΟΥΛΙΑΓΜΕΝΗ  ΜΙΚΡΟ ΚΑΒΟΥΡΙ,37.8137718,23.7806955,,
285,285,16671,ΒΟΥΛΙΑΓΜΕΝΗ  ΜΙΚΡΟ ΚΑΒΟΥΡΙ,37.817742,23.7701319,,
286,286,16671,ΒΟΥΛΙΑΓΜΕΝΗ  ΜΙΚΡΟ ΚΑΒΟΥΡΙ,37.8177142,23.770545,,
287,287,16671,ΒΟΥΛΙΑΓΜΕΝΗ  ΜΙΚΡΟ ΚΑΒΟΥΡΙ,37.8327333,23.7716036,,
288,288,16672,ΒΑΡΗ,37.8364898,23.7895502,,
289,289,16672,ΒΑΡΗ,37.8368964,23.7895847,,
290,290,16672,ΒΑΡΗ,37.8207672,23.8091196,,
291,291,16672,ΒΑΡΗ,37.8314484,23.8062695,,
292,292,16672,ΒΑΡΗ,37.8315175,23.8059094,,
293,293,16672,ΒΑΡΗ,37.8314833,23.8060873,,
294,294,16672,ΒΑΡΗ,37.8164041,23.7989396,,
295,295,16672,ΒΑΡΗ,37.8203871,23.8049222,,
296,296,16672,ΒΑΡΗ,37.8204734,23.805079,,
297,297,16672,ΒΑΡΗ,37.8535523,23.8225267,,
298,298,16672,ΒΑΡΗ,37.8346753,23.8165991,,
299,299,16672,ΒΑΡΗ,37.8312136,23.8051975,,
300,300,16672,ΒΑΡΗ,37.832058,23.8173267,,
301,301,16672,ΒΑΡΗ,37.832059,23.8171211,,
302,302,16673,ΒΟΥΛΑ ΑΝΩ ΒΟΥΛΑ,37.854883,23.767983,,
303,303,16673,ΒΟΥΛΑ ΑΝΩ ΒΟΥΛΑ,37.8552287,23.7679915,,
304,304,16673,ΒΟΥΛΑ ΑΝΩ ΒΟΥΛΑ,37.8550549,23.7679633,,
305,305,16673,ΒΟΥΛΑ ΑΝΩ ΒΟΥΛΑ,37.8554008,23.7679718,,
306,306,16673,ΒΟΥΛΑ ΑΝΩ ΒΟΥΛΑ,37.855572,23.7679903,,
307,307,16673,ΒΟΥΛΑ ΑΝΩ ΒΟΥΛΑ,37.8542189,23.7698181,,
308,308,16673,ΒΟΥΛΑ ΑΝΩ ΒΟΥΛΑ,37.8449829,23.7612198,,
309,309,16673,ΒΟΥΛΑ ΑΝΩ ΒΟΥΛΑ,37.8600967,23.7838648,,
310,310,16673,ΒΟΥΛΑ ΑΝΩ ΒΟΥΛΑ,37.8518463,23.7512492,,
311,311,16673,ΒΟΥΛΑ ΑΝΩ ΒΟΥΛΑ,37.8515328,23.7512854,,
312,312,16674,ΓΛΥΦΑΔΑ,37.8589578,23.7556825,Glyfada,89600.0
313,313,16674,ΓΛΥΦΑΔΑ,37.8555401,23.7549556,Glyfada,89600.0
314,314,16674,ΓΛΥΦΑΔΑ,37.8552337,23.7551142,Glyfada,89600.0
315,315,16674,ΓΛΥΦΑΔΑ,37.8553915,23.7551813,Glyfada,89600.0
316,316,16674,ΓΛΥΦΑΔΑ,37.8555369,23.7552352,Glyfada,89600.0
317,317,16675,ΓΛΥΦΑΔΑ,37.8702224,23.7424426,Glyfada,89600.0
318,318,16675,ΓΛΥΦΑΔΑ,37.875176,23.7429508,Glyfada,89600.0
319,319,16675,ΓΛΥΦΑΔΑ,37.875002,23.7427029,Glyfada,89600.0
320,320,16675,ΓΛΥΦΑΔΑ,37.8684827,23.752577,Glyfada,89600.0
321,321,16675,ΓΛΥΦΑΔΑ,37.8636519,23.7445885,Glyfada,89600.0
322,322,16701,,37.8973483,23.7556824,,
323,323,16701,,37.8969724,23.7557459,,
324,324,16701,,37.8967432,23.7560743,,
325,325,16701,,37.8972664,23.7555182,,
326,326,16701,,37.8970471,23.7558958,,
327,327,16701,,37.8904731,23.7565933,,
328,328,16777,ΕΛΛΗΝΙΚΟ ΑΓΙΑ ΠΑΡΑΣΚΕΥ,37.8902633,23.7442109,Elliniko-Argyroupoli,50027.0
329,329,16777,ΕΛΛΗΝΙΚΟ ΑΓΙΑ ΠΑΡΑΣΚΕΥ,37.8846461,23.7302701,Elliniko-Argyroupoli,50027.0
330,330,16777,ΕΛΛΗΝΙΚΟ ΑΓΙΑ ΠΑΡΑΣΚΕΥ,37.8845223,23.7303509,Elliniko-Argyroupoli,50027.0
331,331,16777,ΕΛΛΗΝΙΚΟ ΑΓΙΑ ΠΑΡΑΣΚΕΥ,37.881513,23.7306683,Elliniko-Argyroupoli,50027.0
332,332,17122,ΝΕΑ ΣΜΥΡΝΗ,37.94198,23.7095239,Nea Smyrni,72851.0
333,333,17122,ΝΕΑ ΣΜΥΡΝΗ,37.9423171,23.7101432,Nea Smyrni,72851.0
334,334,17122,ΝΕΑ ΣΜΥΡΝΗ,37.9419532,23.7098688,Nea Smyrni,72851.0
335,335,17122,ΝΕΑ ΣΜΥΡΝΗ,37.941933,23.7096951,Nea Smyrni,72851.0
336,336,17124,ΝΕΑ ΣΜΥΡΝΗ ΑΝΩ ΝΕΑ ΣΜΥΡΝ,37.9463294,23.7221147,Nea Smyrni,72851.0
337,337,17341,ΑΓΙΑ ΔΗΜΗΤΡΙΟΣ,37.9318829,23.7230764,Agios Dimitrios,71664.0
338,338,17341,ΑΓΙΑ ΔΗΜΗΤΡΙΟΣ,37.9328001,23.7277371,Agios Dimitrios,71664.0
339,339,17341,ΑΓΙΑ ΔΗΜΗΤΡΙΟΣ,37.9278489,23.7221646,Agios Dimitrios,71664.0
340,340,17455,ΑΛΙΜΟΣ ΚΑΛΑΜΑΚΙ,37.9205822,23.7225995,Alimos,43174.0
341,341,17455,ΑΛΙΜΟΣ ΚΑΛΑΜΑΚΙ,37.9207887,23.7222655,Alimos,43174.0
342,342,17455,ΑΛΙΜΟΣ ΚΑΛΑΜΑΚΙ,37.9207025,23.7222044,Alimos,43174.0
343,343,17455,ΑΛΙΜΟΣ ΚΑΛΑΜΑΚΙ,37.9109235,23.7071432,Alimos,43174.0
344,344,17455,ΑΛΙΜΟΣ ΚΑΛΑΜΑΚΙ,37.9109211,23.7073389,Alimos,43174.0
345,345,17456,ΑΛΙΜΟΣ ΕΚΤΕΛΩΝΙΣΤΩΝ,37.9147827,23.7370265,Alimos,43174.0
346,346,17456,ΑΛΙΜΟΣ ΕΚΤΕΛΩΝΙΣΤΩΝ,37.9152734,23.7370477,Alimos,43174.0
347,347,17456,ΑΛΙΜΟΣ ΕΚΤΕΛΩΝΙΣΤΩΝ,37.9146879,23.7371941,Alimos,43174.0
348,348,17456,ΑΛΙΜΟΣ ΕΚΤΕΛΩΝΙΣΤΩΝ,37.9153657,23.7368869,Alimos,43174.0
349,349,17456,ΑΛΙΜΟΣ ΕΚΤΕΛΩΝΙΣΤΩΝ,37.9169938,23.7427767,Alimos,43174.0
350,350,17456,ΑΛΙΜΟΣ ΕΚΤΕΛΩΝΙΣΤΩΝ,37.9099605,23.7309926,Alimos,43174.0
351,351,17456,ΑΛΙΜΟΣ ΕΚΤΕΛΩΝΙΣΤΩΝ,37.9090441,23.730542,Alimos,43174.0
352,352,17561,Π.ΦΑΛΗΡΟ,37.9330085,23.6874581,Palaio Faliro,64862.0
353,353,17561,Π.ΦΑΛΗΡΟ,37.9330048,23.6876416,Palaio Faliro,64862.0
354,354,17561,Π.ΦΑΛΗΡΟ,37.9330018,23.6878238,Palaio Faliro,64862.0
355,355,17561,Π.ΦΑΛΗΡΟ,37.9333673,23.6877463,Palaio Faliro,64862.0
356,356,17561,Π.ΦΑΛΗΡΟ,37.9329405,23.6946515,Palaio Faliro,64862.0
357,357,17561,Π.ΦΑΛΗΡΟ,37.9329625,23.6948371,Palaio Faliro,64862.0
358,358,17561,Π.ΦΑΛΗΡΟ,37.9328285,23.6942976,Palaio Faliro,64862.0
359,359,17561,Π.ΦΑΛΗΡΟ,37.9333687,23.6875609,Palaio Faliro,64862.0
360,360,17561,Π.ΦΑΛΗΡΟ,37.9333686,23.6873759,Palaio Faliro,64862.0
361,361,17561,Π.ΦΑΛΗΡΟ,37.9333694,23.6871922,Palaio Faliro,64862.0
362,362,17562,Π.ΦΑΛΗΡΟ,37.9230432,23.6995663,Palaio Faliro,64862.0
363,363,17562,Π.ΦΑΛΗΡΟ,37.9229708,23.6997418,Palaio Faliro,64862.0
364,364,17676,ΚΑΛΛΙΘΕΑ ΠΛΑΤΕΙΑ ΚΑΛΛΙΘΕΑ,37.960954,23.7013024,Kallithea,97617.0
365,365,17676,ΚΑΛΛΙΘΕΑ ΠΛΑΤΕΙΑ ΚΑΛΛΙΘΕΑ,37.960752,23.7009004,Kallithea,97617.0
366,366,17778,ΤΑΥΡΟΣ,37.9637387,23.7009239,Moschato-Tavros,39658.0
367,367,18233,ΑΓΙΑ Ι.ΡΕΝΤΗΣ,37.9542554,23.6748555,Nikaia-Agios Ioannis Rentis,103490.0
368,368,18344,ΜΟΣΧΑΤΟ,37.9478209,23.68169,Moschato-Tavros,39658.0
369,369,18454,ΝΙΚΑΙΑ ΑΣΠΡΑ ΧΩΜΑΤΑ,37.9758234,23.6669839,Nikaia-Agios Ioannis Rentis,103490.0
370,370,18454,ΝΙΚΑΙΑ ΑΣΠΡΑ ΧΩΜΑΤΑ,37.977597,23.6713431,Nikaia-Agios Ioannis Rentis,103490.0
371,371,18533,ΠΕΙΡΑΙΑΣ ΚΑΣΤΕΛΛΑ,37.9429457,23.6651416,Piraeus,168152.0
372,372,18533,ΠΕΙΡΑΙΑΣ ΚΑΣΤΕΛΛΑ,37.9428808,23.665332,Piraeus,168152.0
373,373,18533,ΠΕΙΡΑΙΑΣ ΚΑΣΤΕΛΛΑ,37.9359127,23.6560605,Piraeus,168152.0
374,374,18534,ΠΕΙΡΑΙΑΣ ΠΛΑΤΕΙΑ ΑΛΕΞΑΝΔΡ,37.9357519,23.6539305,Piraeus,168152.0
375,375,18537,ΠΕΙΡΑΙΑΣ ΑΓΙΑ ΝΙΚΟΛΑΟΣ,37.9282132,23.6431972,Piraeus,168152.0
376,376,18537,ΠΕΙΡΑΙΑΣ ΑΓΙΑ ΝΙΚΟΛΑΟΣ,37.9282934,23.6430415,Piraeus,168152.0
377,377,18537,ΠΕΙΡΑΙΑΣ ΑΓΙΑ ΝΙΚΟΛΑΟΣ,37.9308996,23.6467828,Piraeus,168152.0
378,378,18538,ΠΕΙΡΑΙΑΣ ΧΑΤΖΗΚΥΡΙΑΚ,37.9341465,23.6286242,Piraeus,168152.0
379,379,18538,ΠΕΙΡΑΙΑΣ ΧΑΤΖΗΚΥΡΙΑΚ,37.9341608,23.6287905,Piraeus,168152.0
380,380,18538,ΠΕΙΡΑΙΑΣ ΧΑΤΖΗΚΥΡΙΑΚ,37.9341754,23.6289573,Piraeus,168152.0
381,381,18538,ΠΕΙΡΑΙΑΣ ΧΑΤΖΗΚΥΡΙΑΚ,37.9341898,23.6291243,Piraeus,168152.0
382,382,18541,ΠΕΙΡΑΙΑΣ ΑΠΟΛΛΩΝΟΣ,37.9525154,23.6645853,Piraeus,168152.0
383,383,18758,ΚΕΡΑΤΣΙΝΙ ΑΜΦΙΑΛΗ,37.9663425,23.6117902,Keratsini-Drapetsona,89537.0
384,384,18758,ΚΕΡΑΤΣΙΝΙ ΑΜΦΙΑΛΗ,37.9664909,23.6108858,Keratsini-Drapetsona,89537.0
385,385,18758,ΚΕΡΑΤΣΙΝΙ ΑΜΦΙΑΛΗ,37.9663618,23.6119265,Keratsini-Drapetsona,89537.0
386,386,18758,ΚΕΡΑΤΣΙΝΙ ΑΜΦΙΑΛΗ,37.9663492,23.6117914,Keratsini-Drapetsona,89537.0
387,387,18758,ΚΕΡΑΤΣΙΝΙ ΑΜΦΙΑΛΗ,37.9663372,23.6116481,Keratsini-Drapetsona,89537.0
388,388,19002,ΠΑΙΑΝΙΑ,37.9594906,23.8475722,,
389,389,19002,ΠΑΙΑΝΙΑ,37.9591767,23.8474406,,
390,390,19002,ΠΑΙΑΝΙΑ,37.9522148,23.8596243,,
391,391,19400,ΚΟΡΩΠΙ KΑΡΕΛΛΑΣ,37.8674897,23.8586522,,
392,392,19400,ΚΟΡΩΠΙ KΑΡΕΛΛΑΣ,37.8541629,23.8181551,,
393,393,19400,ΚΟΡΩΠΙ KΑΡΕΛΛΑΣ,37.8050267,23.8528619,,
394,394,19400,ΚΟΡΩΠΙ KΑΡΕΛΛΑΣ,37.8070993,23.8496749,,
395,395,19400,ΚΟΡΩΠΙ KΑΡΕΛΛΑΣ,37.8318803,23.8700485,,
396,396,19400,ΚΟΡΩΠΙ KΑΡΕΛΛΑΣ,37.8309355,23.8658363,,
397,397,19400,ΚΟΡΩΠΙ KΑΡΕΛΛΑΣ,37.8037317,23.8577308,,
398,398,19400,ΚΟΡΩΠΙ KΑΡΕΛΛΑΣ,37.8671071,23.8210061,,
399,399,19400,ΚΟΡΩΠΙ KΑΡΕΛΛΑΣ,37.8723872,23.8267506,,
400,400,19400,ΚΟΡΩΠΙ KΑΡΕΛΛΑΣ,37.8723623,23.8269304,,
401,401,19400,ΚΟΡΩΠΙ KΑΡΕΛΛΑΣ,37.9260872,23.8620684,,
402,402,19400,ΚΟΡΩΠΙ KΑΡΕΛΛΑΣ,37.9103659,23.8680091,,
403,403,19400,ΚΟΡΩΠΙ KΑΡΕΛΛΑΣ,37.9103291,23.8681858,,
404,404,19400,ΚΟΡΩΠΙ KΑΡΕΛΛΑΣ,37.9102989,23.8683532,,
